run.order,std.order,lysate_aspirate_height_inc,lysate_aspirate_rate,lysate_dispense_rate,substrates_aspirate_height_inc,substrates_aspirate_rate,substrates_dispense_rate,Well,Plate
1,1,0.1,0.1,0.1,0.3,0.7,0.7,A1,1
2,2,0.1,0.1,0.1,0.3,0.7,0.7,A2,1
3,3,0.1,0.1,0.1,0.3,0.7,0.7,A3,1
4,4,0.1,0.1,0.1,0.3,0.7,0.7,A4,1
5,5,0.1,0.1,0.1,0.3,0.7,0.7,A5,1
6,6,0.1,0.1,0.1,0.3,0.7,0.7,A6,1
7,7,0.6,0.1,0.1,0.3,0.7,0.7,A7,1
8,8,0.6,0.1,0.1,0.3,0.7,0.7,A8,1
9,9,0.6,0.1,0.1,0.3,0.7,0.7,A9,1
10,10,0.6,0.1,0.1,0.3,0.7,0.7,A10,1
11,11,0.6,0.1,0.1,0.3,0.7,0.7,A11,1
12,12,0.6,0.1,0.1,0.3,0.7,0.7,A12,1
13,13,0.1,0.4,0.1,0.3,0.7,0.7,A13,1
14,14,0.1,0.4,0.1,0.3,0.7,0.7,A14,1
15,15,0.1,0.4,0.1,0.3,0.7,0.7,A15,1
16,16,0.1,0.4,0.1,0.3,0.7,0.7,A16,1
17,17,0.1,0.4,0.1,0.3,0.7,0.7,A17,1
18,18,0.1,0.4,0.1,0.3,0.7,0.7,A18,1
19,19,0.6,0.4,0.1,0.3,0.7,0.7,A19,1
20,20,0.6,0.4,0.1,0.3,0.7,0.7,A20,1
21,21,0.6,0.4,0.1,0.3,0.7,0.7,A21,1
22,22,0.6,0.4,0.1,0.3,0.7,0.7,A22,1
23,23,0.6,0.4,0.1,0.3,0.7,0.7,A23,1
24,24,0.6,0.4,0.1,0.3,0.7,0.7,A24,1
25,25,0.1,0.1,0.5,0.3,0.7,0.7,B1,1
26,26,0.1,0.1,0.5,0.3,0.7,0.7,B2,1
27,27,0.1,0.1,0.5,0.3,0.7,0.7,B3,1
28,28,0.1,0.1,0.5,0.3,0.7,0.7,B4,1
29,29,0.1,0.1,0.5,0.3,0.7,0.7,B5,1
30,30,0.1,0.1,0.5,0.3,0.7,0.7,B6,1
31,31,0.6,0.1,0.5,0.3,0.7,0.7,B7,1
32,32,0.6,0.1,0.5,0.3,0.7,0.7,B8,1
33,33,0.6,0.1,0.5,0.3,0.7,0.7,B9,1
34,34,0.6,0.1,0.5,0.3,0.7,0.7,B10,1
35,35,0.6,0.1,0.5,0.3,0.7,0.7,B11,1
36,36,0.6,0.1,0.5,0.3,0.7,0.7,B12,1
37,37,0.1,0.4,0.5,0.3,0.7,0.7,B13,1
38,38,0.1,0.4,0.5,0.3,0.7,0.7,B14,1
39,39,0.1,0.4,0.5,0.3,0.7,0.7,B15,1
40,40,0.1,0.4,0.5,0.3,0.7,0.7,B16,1
41,41,0.1,0.4,0.5,0.3,0.7,0.7,B17,1
42,42,0.1,0.4,0.5,0.3,0.7,0.7,B18,1
43,43,0.6,0.4,0.5,0.3,0.7,0.7,B19,1
44,44,0.6,0.4,0.5,0.3,0.7,0.7,B20,1
45,45,0.6,0.4,0.5,0.3,0.7,0.7,B21,1
46,46,0.6,0.4,0.5,0.3,0.7,0.7,B22,1
47,47,0.6,0.4,0.5,0.3,0.7,0.7,B23,1
48,48,0.6,0.4,0.5,0.3,0.7,0.7,B24,1
49,49,0.1,0.1,0.1,0.8,0.7,0.7,C1,1
50,50,0.1,0.1,0.1,0.8,0.7,0.7,C2,1
51,51,0.1,0.1,0.1,0.8,0.7,0.7,C3,1
52,52,0.1,0.1,0.1,0.8,0.7,0.7,C4,1
53,53,0.1,0.1,0.1,0.8,0.7,0.7,C5,1
54,54,0.1,0.1,0.1,0.8,0.7,0.7,C6,1
55,55,0.6,0.1,0.1,0.8,0.7,0.7,C7,1
56,56,0.6,0.1,0.1,0.8,0.7,0.7,C8,1
57,57,0.6,0.1,0.1,0.8,0.7,0.7,C9,1
58,58,0.6,0.1,0.1,0.8,0.7,0.7,C10,1
59,59,0.6,0.1,0.1,0.8,0.7,0.7,C11,1
60,60,0.6,0.1,0.1,0.8,0.7,0.7,C12,1
61,61,0.1,0.4,0.1,0.8,0.7,0.7,C13,1
62,62,0.1,0.4,0.1,0.8,0.7,0.7,C14,1
63,63,0.1,0.4,0.1,0.8,0.7,0.7,C15,1
64,64,0.1,0.4,0.1,0.8,0.7,0.7,C16,1
65,65,0.1,0.4,0.1,0.8,0.7,0.7,C17,1
66,66,0.1,0.4,0.1,0.8,0.7,0.7,C18,1
67,67,0.6,0.4,0.1,0.8,0.7,0.7,C19,1
68,68,0.6,0.4,0.1,0.8,0.7,0.7,C20,1
69,69,0.6,0.4,0.1,0.8,0.7,0.7,C21,1
70,70,0.6,0.4,0.1,0.8,0.7,0.7,C22,1
71,71,0.6,0.4,0.1,0.8,0.7,0.7,C23,1
72,72,0.6,0.4,0.1,0.8,0.7,0.7,C24,1
73,73,0.1,0.1,0.5,0.8,0.7,0.7,D1,1
74,74,0.1,0.1,0.5,0.8,0.7,0.7,D2,1
75,75,0.1,0.1,0.5,0.8,0.7,0.7,D3,1
76,76,0.1,0.1,0.5,0.8,0.7,0.7,D4,1
77,77,0.1,0.1,0.5,0.8,0.7,0.7,D5,1
78,78,0.1,0.1,0.5,0.8,0.7,0.7,D6,1
79,79,0.6,0.1,0.5,0.8,0.7,0.7,D7,1
80,80,0.6,0.1,0.5,0.8,0.7,0.7,D8,1
81,81,0.6,0.1,0.5,0.8,0.7,0.7,D9,1
82,82,0.6,0.1,0.5,0.8,0.7,0.7,D10,1
83,83,0.6,0.1,0.5,0.8,0.7,0.7,D11,1
84,84,0.6,0.1,0.5,0.8,0.7,0.7,D12,1
85,85,0.1,0.4,0.5,0.8,0.7,0.7,D13,1
86,86,0.1,0.4,0.5,0.8,0.7,0.7,D14,1
87,87,0.1,0.4,0.5,0.8,0.7,0.7,D15,1
88,88,0.1,0.4,0.5,0.8,0.7,0.7,D16,1
89,89,0.1,0.4,0.5,0.8,0.7,0.7,D17,1
90,90,0.1,0.4,0.5,0.8,0.7,0.7,D18,1
91,91,0.6,0.4,0.5,0.8,0.7,0.7,D19,1
92,92,0.6,0.4,0.5,0.8,0.7,0.7,D20,1
93,93,0.6,0.4,0.5,0.8,0.7,0.7,D21,1
94,94,0.6,0.4,0.5,0.8,0.7,0.7,D22,1
95,95,0.6,0.4,0.5,0.8,0.7,0.7,D23,1
96,96,0.6,0.4,0.5,0.8,0.7,0.7,D24,1
97,97,0.1,0.1,0.1,0.3,1.2,0.7,E1,1
98,98,0.1,0.1,0.1,0.3,1.2,0.7,E2,1
99,99,0.1,0.1,0.1,0.3,1.2,0.7,E3,1
100,100,0.1,0.1,0.1,0.3,1.2,0.7,E4,1
101,101,0.1,0.1,0.1,0.3,1.2,0.7,E5,1
102,102,0.1,0.1,0.1,0.3,1.2,0.7,E6,1
103,103,0.6,0.1,0.1,0.3,1.2,0.7,E7,1
104,104,0.6,0.1,0.1,0.3,1.2,0.7,E8,1
105,105,0.6,0.1,0.1,0.3,1.2,0.7,E9,1
106,106,0.6,0.1,0.1,0.3,1.2,0.7,E10,1
107,107,0.6,0.1,0.1,0.3,1.2,0.7,E11,1
108,108,0.6,0.1,0.1,0.3,1.2,0.7,E12,1
109,109,0.1,0.4,0.1,0.3,1.2,0.7,E13,1
110,110,0.1,0.4,0.1,0.3,1.2,0.7,E14,1
111,111,0.1,0.4,0.1,0.3,1.2,0.7,E15,1
112,112,0.1,0.4,0.1,0.3,1.2,0.7,E16,1
113,113,0.1,0.4,0.1,0.3,1.2,0.7,E17,1
114,114,0.1,0.4,0.1,0.3,1.2,0.7,E18,1
115,115,0.6,0.4,0.1,0.3,1.2,0.7,E19,1
116,116,0.6,0.4,0.1,0.3,1.2,0.7,E20,1
117,117,0.6,0.4,0.1,0.3,1.2,0.7,E21,1
118,118,0.6,0.4,0.1,0.3,1.2,0.7,E22,1
119,119,0.6,0.4,0.1,0.3,1.2,0.7,E23,1
120,120,0.6,0.4,0.1,0.3,1.2,0.7,E24,1
121,121,0.1,0.1,0.5,0.3,1.2,0.7,F1,1
122,122,0.1,0.1,0.5,0.3,1.2,0.7,F2,1
123,123,0.1,0.1,0.5,0.3,1.2,0.7,F3,1
124,124,0.1,0.1,0.5,0.3,1.2,0.7,F4,1
125,125,0.1,0.1,0.5,0.3,1.2,0.7,F5,1
126,126,0.1,0.1,0.5,0.3,1.2,0.7,F6,1
127,127,0.6,0.1,0.5,0.3,1.2,0.7,F7,1
128,128,0.6,0.1,0.5,0.3,1.2,0.7,F8,1
129,129,0.6,0.1,0.5,0.3,1.2,0.7,F9,1
130,130,0.6,0.1,0.5,0.3,1.2,0.7,F10,1
131,131,0.6,0.1,0.5,0.3,1.2,0.7,F11,1
132,132,0.6,0.1,0.5,0.3,1.2,0.7,F12,1
133,133,0.1,0.4,0.5,0.3,1.2,0.7,F13,1
134,134,0.1,0.4,0.5,0.3,1.2,0.7,F14,1
135,135,0.1,0.4,0.5,0.3,1.2,0.7,F15,1
136,136,0.1,0.4,0.5,0.3,1.2,0.7,F16,1
137,137,0.1,0.4,0.5,0.3,1.2,0.7,F17,1
138,138,0.1,0.4,0.5,0.3,1.2,0.7,F18,1
139,139,0.6,0.4,0.5,0.3,1.2,0.7,F19,1
140,140,0.6,0.4,0.5,0.3,1.2,0.7,F20,1
141,141,0.6,0.4,0.5,0.3,1.2,0.7,F21,1
142,142,0.6,0.4,0.5,0.3,1.2,0.7,F22,1
143,143,0.6,0.4,0.5,0.3,1.2,0.7,F23,1
144,144,0.6,0.4,0.5,0.3,1.2,0.7,F24,1
145,145,0.1,0.1,0.1,0.8,1.2,0.7,G1,1
146,146,0.1,0.1,0.1,0.8,1.2,0.7,G2,1
147,147,0.1,0.1,0.1,0.8,1.2,0.7,G3,1
148,148,0.1,0.1,0.1,0.8,1.2,0.7,G4,1
149,149,0.1,0.1,0.1,0.8,1.2,0.7,G5,1
150,150,0.1,0.1,0.1,0.8,1.2,0.7,G6,1
151,151,0.6,0.1,0.1,0.8,1.2,0.7,G7,1
152,152,0.6,0.1,0.1,0.8,1.2,0.7,G8,1
153,153,0.6,0.1,0.1,0.8,1.2,0.7,G9,1
154,154,0.6,0.1,0.1,0.8,1.2,0.7,G10,1
155,155,0.6,0.1,0.1,0.8,1.2,0.7,G11,1
156,156,0.6,0.1,0.1,0.8,1.2,0.7,G12,1
157,157,0.1,0.4,0.1,0.8,1.2,0.7,G13,1
158,158,0.1,0.4,0.1,0.8,1.2,0.7,G14,1
159,159,0.1,0.4,0.1,0.8,1.2,0.7,G15,1
160,160,0.1,0.4,0.1,0.8,1.2,0.7,G16,1
161,161,0.1,0.4,0.1,0.8,1.2,0.7,G17,1
162,162,0.1,0.4,0.1,0.8,1.2,0.7,G18,1
163,163,0.6,0.4,0.1,0.8,1.2,0.7,G19,1
164,164,0.6,0.4,0.1,0.8,1.2,0.7,G20,1
165,165,0.6,0.4,0.1,0.8,1.2,0.7,G21,1
166,166,0.6,0.4,0.1,0.8,1.2,0.7,G22,1
167,167,0.6,0.4,0.1,0.8,1.2,0.7,G23,1
168,168,0.6,0.4,0.1,0.8,1.2,0.7,G24,1
169,169,0.1,0.1,0.5,0.8,1.2,0.7,H1,1
170,170,0.1,0.1,0.5,0.8,1.2,0.7,H2,1
171,171,0.1,0.1,0.5,0.8,1.2,0.7,H3,1
172,172,0.1,0.1,0.5,0.8,1.2,0.7,H4,1
173,173,0.1,0.1,0.5,0.8,1.2,0.7,H5,1
174,174,0.1,0.1,0.5,0.8,1.2,0.7,H6,1
175,175,0.6,0.1,0.5,0.8,1.2,0.7,H7,1
176,176,0.6,0.1,0.5,0.8,1.2,0.7,H8,1
177,177,0.6,0.1,0.5,0.8,1.2,0.7,H9,1
178,178,0.6,0.1,0.5,0.8,1.2,0.7,H10,1
179,179,0.6,0.1,0.5,0.8,1.2,0.7,H11,1
180,180,0.6,0.1,0.5,0.8,1.2,0.7,H12,1
181,181,0.1,0.4,0.5,0.8,1.2,0.7,H13,1
182,182,0.1,0.4,0.5,0.8,1.2,0.7,H14,1
183,183,0.1,0.4,0.5,0.8,1.2,0.7,H15,1
184,184,0.1,0.4,0.5,0.8,1.2,0.7,H16,1
185,185,0.1,0.4,0.5,0.8,1.2,0.7,H17,1
186,186,0.1,0.4,0.5,0.8,1.2,0.7,H18,1
187,187,0.6,0.4,0.5,0.8,1.2,0.7,H19,1
188,188,0.6,0.4,0.5,0.8,1.2,0.7,H20,1
189,189,0.6,0.4,0.5,0.8,1.2,0.7,H21,1
190,190,0.6,0.4,0.5,0.8,1.2,0.7,H22,1
191,191,0.6,0.4,0.5,0.8,1.2,0.7,H23,1
192,192,0.6,0.4,0.5,0.8,1.2,0.7,H24,1
193,193,0.1,0.1,0.1,0.3,0.7,1.2,I1,1
194,194,0.1,0.1,0.1,0.3,0.7,1.2,I2,1
195,195,0.1,0.1,0.1,0.3,0.7,1.2,I3,1
196,196,0.1,0.1,0.1,0.3,0.7,1.2,I4,1
197,197,0.1,0.1,0.1,0.3,0.7,1.2,I5,1
198,198,0.1,0.1,0.1,0.3,0.7,1.2,I6,1
199,199,0.6,0.1,0.1,0.3,0.7,1.2,I7,1
200,200,0.6,0.1,0.1,0.3,0.7,1.2,I8,1
201,201,0.6,0.1,0.1,0.3,0.7,1.2,I9,1
202,202,0.6,0.1,0.1,0.3,0.7,1.2,I10,1
203,203,0.6,0.1,0.1,0.3,0.7,1.2,I11,1
204,204,0.6,0.1,0.1,0.3,0.7,1.2,I12,1
205,205,0.1,0.4,0.1,0.3,0.7,1.2,I13,1
206,206,0.1,0.4,0.1,0.3,0.7,1.2,I14,1
207,207,0.1,0.4,0.1,0.3,0.7,1.2,I15,1
208,208,0.1,0.4,0.1,0.3,0.7,1.2,I16,1
209,209,0.1,0.4,0.1,0.3,0.7,1.2,I17,1
210,210,0.1,0.4,0.1,0.3,0.7,1.2,I18,1
211,211,0.6,0.4,0.1,0.3,0.7,1.2,I19,1
212,212,0.6,0.4,0.1,0.3,0.7,1.2,I20,1
213,213,0.6,0.4,0.1,0.3,0.7,1.2,I21,1
214,214,0.6,0.4,0.1,0.3,0.7,1.2,I22,1
215,215,0.6,0.4,0.1,0.3,0.7,1.2,I23,1
216,216,0.6,0.4,0.1,0.3,0.7,1.2,I24,1
217,217,0.1,0.1,0.5,0.3,0.7,1.2,J1,1
218,218,0.1,0.1,0.5,0.3,0.7,1.2,J2,1
219,219,0.1,0.1,0.5,0.3,0.7,1.2,J3,1
220,220,0.1,0.1,0.5,0.3,0.7,1.2,J4,1
221,221,0.1,0.1,0.5,0.3,0.7,1.2,J5,1
222,222,0.1,0.1,0.5,0.3,0.7,1.2,J6,1
223,223,0.6,0.1,0.5,0.3,0.7,1.2,J7,1
224,224,0.6,0.1,0.5,0.3,0.7,1.2,J8,1
225,225,0.6,0.1,0.5,0.3,0.7,1.2,J9,1
226,226,0.6,0.1,0.5,0.3,0.7,1.2,J10,1
227,227,0.6,0.1,0.5,0.3,0.7,1.2,J11,1
228,228,0.6,0.1,0.5,0.3,0.7,1.2,J12,1
229,229,0.1,0.4,0.5,0.3,0.7,1.2,J13,1
230,230,0.1,0.4,0.5,0.3,0.7,1.2,J14,1
231,231,0.1,0.4,0.5,0.3,0.7,1.2,J15,1
232,232,0.1,0.4,0.5,0.3,0.7,1.2,J16,1
233,233,0.1,0.4,0.5,0.3,0.7,1.2,A1,2
234,234,0.1,0.4,0.5,0.3,0.7,1.2,A2,2
235,235,0.6,0.4,0.5,0.3,0.7,1.2,A3,2
236,236,0.6,0.4,0.5,0.3,0.7,1.2,A4,2
237,237,0.6,0.4,0.5,0.3,0.7,1.2,A5,2
238,238,0.6,0.4,0.5,0.3,0.7,1.2,A6,2
239,239,0.6,0.4,0.5,0.3,0.7,1.2,A7,2
240,240,0.6,0.4,0.5,0.3,0.7,1.2,A8,2
241,241,0.1,0.1,0.1,0.8,0.7,1.2,A9,2
242,242,0.1,0.1,0.1,0.8,0.7,1.2,A10,2
243,243,0.1,0.1,0.1,0.8,0.7,1.2,A11,2
244,244,0.1,0.1,0.1,0.8,0.7,1.2,A12,2
245,245,0.1,0.1,0.1,0.8,0.7,1.2,A13,2
246,246,0.1,0.1,0.1,0.8,0.7,1.2,A14,2
247,247,0.6,0.1,0.1,0.8,0.7,1.2,A15,2
248,248,0.6,0.1,0.1,0.8,0.7,1.2,A16,2
249,249,0.6,0.1,0.1,0.8,0.7,1.2,A17,2
250,250,0.6,0.1,0.1,0.8,0.7,1.2,A18,2
251,251,0.6,0.1,0.1,0.8,0.7,1.2,A19,2
252,252,0.6,0.1,0.1,0.8,0.7,1.2,A20,2
253,253,0.1,0.4,0.1,0.8,0.7,1.2,A21,2
254,254,0.1,0.4,0.1,0.8,0.7,1.2,A22,2
255,255,0.1,0.4,0.1,0.8,0.7,1.2,A23,2
256,256,0.1,0.4,0.1,0.8,0.7,1.2,A24,2
257,257,0.1,0.4,0.1,0.8,0.7,1.2,B1,2
258,258,0.1,0.4,0.1,0.8,0.7,1.2,B2,2
259,259,0.6,0.4,0.1,0.8,0.7,1.2,B3,2
260,260,0.6,0.4,0.1,0.8,0.7,1.2,B4,2
261,261,0.6,0.4,0.1,0.8,0.7,1.2,B5,2
262,262,0.6,0.4,0.1,0.8,0.7,1.2,B6,2
263,263,0.6,0.4,0.1,0.8,0.7,1.2,B7,2
264,264,0.6,0.4,0.1,0.8,0.7,1.2,B8,2
265,265,0.1,0.1,0.5,0.8,0.7,1.2,B9,2
266,266,0.1,0.1,0.5,0.8,0.7,1.2,B10,2
267,267,0.1,0.1,0.5,0.8,0.7,1.2,B11,2
268,268,0.1,0.1,0.5,0.8,0.7,1.2,B12,2
269,269,0.1,0.1,0.5,0.8,0.7,1.2,B13,2
270,270,0.1,0.1,0.5,0.8,0.7,1.2,B14,2
271,271,0.6,0.1,0.5,0.8,0.7,1.2,B15,2
272,272,0.6,0.1,0.5,0.8,0.7,1.2,B16,2
273,273,0.6,0.1,0.5,0.8,0.7,1.2,B17,2
274,274,0.6,0.1,0.5,0.8,0.7,1.2,B18,2
275,275,0.6,0.1,0.5,0.8,0.7,1.2,B19,2
276,276,0.6,0.1,0.5,0.8,0.7,1.2,B20,2
277,277,0.1,0.4,0.5,0.8,0.7,1.2,B21,2
278,278,0.1,0.4,0.5,0.8,0.7,1.2,B22,2
279,279,0.1,0.4,0.5,0.8,0.7,1.2,B23,2
280,280,0.1,0.4,0.5,0.8,0.7,1.2,B24,2
281,281,0.1,0.4,0.5,0.8,0.7,1.2,C1,2
282,282,0.1,0.4,0.5,0.8,0.7,1.2,C2,2
283,283,0.6,0.4,0.5,0.8,0.7,1.2,C3,2
284,284,0.6,0.4,0.5,0.8,0.7,1.2,C4,2
285,285,0.6,0.4,0.5,0.8,0.7,1.2,C5,2
286,286,0.6,0.4,0.5,0.8,0.7,1.2,C6,2
287,287,0.6,0.4,0.5,0.8,0.7,1.2,C7,2
288,288,0.6,0.4,0.5,0.8,0.7,1.2,C8,2
289,289,0.1,0.1,0.1,0.3,1.2,1.2,C9,2
290,290,0.1,0.1,0.1,0.3,1.2,1.2,C10,2
291,291,0.1,0.1,0.1,0.3,1.2,1.2,C11,2
292,292,0.1,0.1,0.1,0.3,1.2,1.2,C12,2
293,293,0.1,0.1,0.1,0.3,1.2,1.2,C13,2
294,294,0.1,0.1,0.1,0.3,1.2,1.2,C14,2
295,295,0.6,0.1,0.1,0.3,1.2,1.2,C15,2
296,296,0.6,0.1,0.1,0.3,1.2,1.2,C16,2
297,297,0.6,0.1,0.1,0.3,1.2,1.2,C17,2
298,298,0.6,0.1,0.1,0.3,1.2,1.2,C18,2
299,299,0.6,0.1,0.1,0.3,1.2,1.2,C19,2
300,300,0.6,0.1,0.1,0.3,1.2,1.2,C20,2
301,301,0.1,0.4,0.1,0.3,1.2,1.2,C21,2
302,302,0.1,0.4,0.1,0.3,1.2,1.2,C22,2
303,303,0.1,0.4,0.1,0.3,1.2,1.2,C23,2
304,304,0.1,0.4,0.1,0.3,1.2,1.2,C24,2
305,305,0.1,0.4,0.1,0.3,1.2,1.2,D1,2
306,306,0.1,0.4,0.1,0.3,1.2,1.2,D2,2
307,307,0.6,0.4,0.1,0.3,1.2,1.2,D3,2
308,308,0.6,0.4,0.1,0.3,1.2,1.2,D4,2
309,309,0.6,0.4,0.1,0.3,1.2,1.2,D5,2
310,310,0.6,0.4,0.1,0.3,1.2,1.2,D6,2
311,311,0.6,0.4,0.1,0.3,1.2,1.2,D7,2
312,312,0.6,0.4,0.1,0.3,1.2,1.2,D8,2
313,313,0.1,0.1,0.5,0.3,1.2,1.2,D9,2
314,314,0.1,0.1,0.5,0.3,1.2,1.2,D10,2
315,315,0.1,0.1,0.5,0.3,1.2,1.2,D11,2
316,316,0.1,0.1,0.5,0.3,1.2,1.2,D12,2
317,317,0.1,0.1,0.5,0.3,1.2,1.2,D13,2
318,318,0.1,0.1,0.5,0.3,1.2,1.2,D14,2
319,319,0.6,0.1,0.5,0.3,1.2,1.2,D15,2
320,320,0.6,0.1,0.5,0.3,1.2,1.2,D16,2
321,321,0.6,0.1,0.5,0.3,1.2,1.2,D17,2
322,322,0.6,0.1,0.5,0.3,1.2,1.2,D18,2
323,323,0.6,0.1,0.5,0.3,1.2,1.2,D19,2
324,324,0.6,0.1,0.5,0.3,1.2,1.2,D20,2
325,325,0.1,0.4,0.5,0.3,1.2,1.2,D21,2
326,326,0.1,0.4,0.5,0.3,1.2,1.2,D22,2
327,327,0.1,0.4,0.5,0.3,1.2,1.2,D23,2
328,328,0.1,0.4,0.5,0.3,1.2,1.2,D24,2
329,329,0.1,0.4,0.5,0.3,1.2,1.2,E1,2
330,330,0.1,0.4,0.5,0.3,1.2,1.2,E2,2
331,331,0.6,0.4,0.5,0.3,1.2,1.2,E3,2
332,332,0.6,0.4,0.5,0.3,1.2,1.2,E4,2
333,333,0.6,0.4,0.5,0.3,1.2,1.2,E5,2
334,334,0.6,0.4,0.5,0.3,1.2,1.2,E6,2
335,335,0.6,0.4,0.5,0.3,1.2,1.2,E7,2
336,336,0.6,0.4,0.5,0.3,1.2,1.2,E8,2
337,337,0.1,0.1,0.1,0.8,1.2,1.2,E9,2
338,338,0.1,0.1,0.1,0.8,1.2,1.2,E10,2
339,339,0.1,0.1,0.1,0.8,1.2,1.2,E11,2
340,340,0.1,0.1,0.1,0.8,1.2,1.2,E12,2
341,341,0.1,0.1,0.1,0.8,1.2,1.2,E13,2
342,342,0.1,0.1,0.1,0.8,1.2,1.2,E14,2
343,343,0.6,0.1,0.1,0.8,1.2,1.2,E15,2
344,344,0.6,0.1,0.1,0.8,1.2,1.2,E16,2
345,345,0.6,0.1,0.1,0.8,1.2,1.2,E17,2
346,346,0.6,0.1,0.1,0.8,1.2,1.2,E18,2
347,347,0.6,0.1,0.1,0.8,1.2,1.2,E19,2
348,348,0.6,0.1,0.1,0.8,1.2,1.2,E20,2
349,349,0.1,0.4,0.1,0.8,1.2,1.2,E21,2
350,350,0.1,0.4,0.1,0.8,1.2,1.2,E22,2
351,351,0.1,0.4,0.1,0.8,1.2,1.2,E23,2
352,352,0.1,0.4,0.1,0.8,1.2,1.2,E24,2
353,353,0.1,0.4,0.1,0.8,1.2,1.2,F1,2
354,354,0.1,0.4,0.1,0.8,1.2,1.2,F2,2
355,355,0.6,0.4,0.1,0.8,1.2,1.2,F3,2
356,356,0.6,0.4,0.1,0.8,1.2,1.2,F4,2
357,357,0.6,0.4,0.1,0.8,1.2,1.2,F5,2
358,358,0.6,0.4,0.1,0.8,1.2,1.2,F6,2
359,359,0.6,0.4,0.1,0.8,1.2,1.2,F7,2
360,360,0.6,0.4,0.1,0.8,1.2,1.2,F8,2
361,361,0.1,0.1,0.5,0.8,1.2,1.2,F9,2
362,362,0.1,0.1,0.5,0.8,1.2,1.2,F10,2
363,363,0.1,0.1,0.5,0.8,1.2,1.2,F11,2
364,364,0.1,0.1,0.5,0.8,1.2,1.2,F12,2
365,365,0.1,0.1,0.5,0.8,1.2,1.2,F13,2
366,366,0.1,0.1,0.5,0.8,1.2,1.2,F14,2
367,367,0.6,0.1,0.5,0.8,1.2,1.2,F15,2
368,368,0.6,0.1,0.5,0.8,1.2,1.2,F16,2
369,369,0.6,0.1,0.5,0.8,1.2,1.2,F17,2
370,370,0.6,0.1,0.5,0.8,1.2,1.2,F18,2
371,371,0.6,0.1,0.5,0.8,1.2,1.2,F19,2
372,372,0.6,0.1,0.5,0.8,1.2,1.2,F20,2
373,373,0.1,0.4,0.5,0.8,1.2,1.2,F21,2
374,374,0.1,0.4,0.5,0.8,1.2,1.2,F22,2
375,375,0.1,0.4,0.5,0.8,1.2,1.2,F23,2
376,376,0.1,0.4,0.5,0.8,1.2,1.2,F24,2
377,377,0.1,0.4,0.5,0.8,1.2,1.2,G1,2
378,378,0.1,0.4,0.5,0.8,1.2,1.2,G2,2
379,379,0.6,0.4,0.5,0.8,1.2,1.2,G3,2
380,380,0.6,0.4,0.5,0.8,1.2,1.2,G4,2
381,381,0.6,0.4,0.5,0.8,1.2,1.2,G5,2
382,382,0.6,0.4,0.5,0.8,1.2,1.2,G6,2
383,383,0.6,0.4,0.5,0.8,1.2,1.2,G7,2
384,384,0.6,0.4,0.5,0.8,1.2,1.2,G8,2
385,385,0.35,0.25,0.3,0.55,0.95,0.95,G9,2
386,386,0.35,0.25,0.3,0.55,0.95,0.95,G10,2
387,387,0.35,0.25,0.3,0.55,0.95,0.95,G11,2
388,388,0.35,0.25,0.3,0.55,0.95,0.95,G12,2
1,1,0.1,0.25,0.3,0.55,0.95,0.95,G13,2
2,2,0.98,0.25,0.3,0.55,0.95,0.95,G14,2
3,3,0.35,0.1,0.3,0.55,0.95,0.95,G15,2
4,4,0.35,0.63,0.3,0.55,0.95,0.95,G16,2
5,5,0.35,0.25,0.1,0.55,0.95,0.95,G17,2
6,6,0.35,0.25,0.8,0.55,0.95,0.95,G18,2
7,7,0.35,0.25,0.3,0.3,0.95,0.95,G19,2
8,8,0.35,0.25,0.3,1.18,0.95,0.95,G20,2
9,9,0.35,0.25,0.3,0.55,0.32,0.95,G21,2
10,10,0.35,0.25,0.3,0.55,1.58,0.95,G22,2
11,11,0.35,0.25,0.3,0.55,0.95,0.32,G23,2
12,12,0.35,0.25,0.3,0.55,0.95,1.58,G24,2
13,13,0.1,0.25,0.3,0.55,0.95,0.95,H1,2
14,14,0.98,0.25,0.3,0.55,0.95,0.95,H2,2
15,15,0.35,0.1,0.3,0.55,0.95,0.95,H3,2
16,16,0.35,0.63,0.3,0.55,0.95,0.95,H4,2
17,17,0.35,0.25,0.1,0.55,0.95,0.95,H5,2
18,18,0.35,0.25,0.8,0.55,0.95,0.95,H6,2
19,19,0.35,0.25,0.3,0.3,0.95,0.95,H7,2
20,20,0.35,0.25,0.3,1.18,0.95,0.95,H8,2
21,21,0.35,0.25,0.3,0.55,0.32,0.95,H9,2
22,22,0.35,0.25,0.3,0.55,1.58,0.95,H10,2
23,23,0.35,0.25,0.3,0.55,0.95,0.32,H11,2
24,24,0.35,0.25,0.3,0.55,0.95,1.58,H12,2
25,25,0.1,0.25,0.3,0.55,0.95,0.95,H13,2
26,26,0.98,0.25,0.3,0.55,0.95,0.95,H14,2
27,27,0.35,0.1,0.3,0.55,0.95,0.95,H15,2
28,28,0.35,0.63,0.3,0.55,0.95,0.95,H16,2
29,29,0.35,0.25,0.1,0.55,0.95,0.95,H17,2
30,30,0.35,0.25,0.8,0.55,0.95,0.95,H18,2
31,31,0.35,0.25,0.3,0.3,0.95,0.95,H19,2
32,32,0.35,0.25,0.3,1.18,0.95,0.95,H20,2
33,33,0.35,0.25,0.3,0.55,0.32,0.95,H21,2
34,34,0.35,0.25,0.3,0.55,1.58,0.95,H22,2
35,35,0.35,0.25,0.3,0.55,0.95,0.32,H23,2
36,36,0.35,0.25,0.3,0.55,0.95,1.58,H24,2
37,37,0.1,0.25,0.3,0.55,0.95,0.95,I1,2
38,38,0.98,0.25,0.3,0.55,0.95,0.95,I2,2
39,39,0.35,0.1,0.3,0.55,0.95,0.95,I3,2
40,40,0.35,0.63,0.3,0.55,0.95,0.95,I4,2
41,41,0.35,0.25,0.1,0.55,0.95,0.95,I5,2
42,42,0.35,0.25,0.8,0.55,0.95,0.95,I6,2
43,43,0.35,0.25,0.3,0.3,0.95,0.95,I7,2
44,44,0.35,0.25,0.3,1.18,0.95,0.95,I8,2
45,45,0.35,0.25,0.3,0.55,0.32,0.95,I9,2
46,46,0.35,0.25,0.3,0.55,1.58,0.95,I10,2
47,47,0.35,0.25,0.3,0.55,0.95,0.32,I11,2
48,48,0.35,0.25,0.3,0.55,0.95,1.58,I12,2
49,49,0.1,0.25,0.3,0.55,0.95,0.95,I13,2
50,50,0.98,0.25,0.3,0.55,0.95,0.95,I14,2
51,51,0.35,0.1,0.3,0.55,0.95,0.95,I15,2
52,52,0.35,0.63,0.3,0.55,0.95,0.95,I16,2
53,53,0.35,0.25,0.1,0.55,0.95,0.95,I17,2
54,54,0.35,0.25,0.8,0.55,0.95,0.95,I18,2
55,55,0.35,0.25,0.3,0.3,0.95,0.95,I19,2
56,56,0.35,0.25,0.3,1.18,0.95,0.95,I20,2
57,57,0.35,0.25,0.3,0.55,0.32,0.95,I21,2
58,58,0.35,0.25,0.3,0.55,1.58,0.95,I22,2
59,59,0.35,0.25,0.3,0.55,0.95,0.32,I23,2
60,60,0.35,0.25,0.3,0.55,0.95,1.58,I24,2
61,61,0.1,0.25,0.3,0.55,0.95,0.95,J1,2
62,62,0.98,0.25,0.3,0.55,0.95,0.95,J2,2
63,63,0.35,0.1,0.3,0.55,0.95,0.95,J3,2
64,64,0.35,0.63,0.3,0.55,0.95,0.95,J4,2
65,65,0.35,0.25,0.1,0.55,0.95,0.95,J5,2
66,66,0.35,0.25,0.8,0.55,0.95,0.95,J6,2
67,67,0.35,0.25,0.3,0.3,0.95,0.95,J7,2
68,68,0.35,0.25,0.3,1.18,0.95,0.95,J8,2
69,69,0.35,0.25,0.3,0.55,0.32,0.95,J9,2
70,70,0.35,0.25,0.3,0.55,1.58,0.95,J10,2
71,71,0.35,0.25,0.3,0.55,0.95,0.32,J11,2
72,72,0.35,0.25,0.3,0.55,0.95,1.58,J12,2
73,73,0.35,0.25,0.3,0.55,0.95,0.95,J13,2
74,74,0.35,0.25,0.3,0.55,0.95,0.95,J14,2
75,75,0.35,0.25,0.3,0.55,0.95,0.95,J15,2
76,76,0.35,0.25,0.3,0.55,0.95,0.95,J16,2
